"Gene","Coefficient"
"FKBP10",0.0424742337830206
"CYP11A1",0.0804402973547037
"ARMCX1",0.062447861998193
